"Estimate","Std. Error","t value","Pr(>|t|)","term"
-3.58657922653401,1.65215777314978,-2.17084547542716,0.0299633958915486,"(Intercept)"
-0.0441521175429368,0.0364260740264679,-1.21210200997382,0.225498424115033,"race5cHispanic"
-0.077809662455369,0.0404353264703429,-1.92429910297467,0.054341935119629,"race5cOther/Asian"
-0.0948918046364718,0.0297548823659744,-3.18911711595215,0.00143093555417407,"race5cWhite"
0.176165460042317,0.0176435867964411,9.98467386902596,2.21826581592463e-23,"gender3Woman"
0.138229300474216,0.0901786234838646,1.53283888280851,0.125343272704117,"gender3Gender Minority"
0.15228645531568,0.0252950416531023,6.0204073748581,1.79327449104011e-09,"income3Low"
0.0664681650917708,0.0201838946723784,3.29312881238586,0.000993804218604361,"income3Middle"
0.00216054567055405,0.000575248793849662,3.75584563349592,0.000173615932034597,"age_c"
1.58757008658635,0.0404754440646042,39.2230430888511,8.741754259591e-316,"log_bmi"
0.00794274624014924,0.0174053745338669,0.45633871449847,0.648155111315028,"ever_smoker"
0.136367664012031,0.0288419281403434,4.72810497788055,2.29336557962699e-06,"education3Low"
0.0841749600767423,0.0217487911968185,3.87032820881814,0.000109294049446017,"education3Middle"
-5.81026339705378,7.55948851452067,-0.768605360785074,0.442143524440667,"deprivation"
-0.100695222137518,0.212897739428531,-0.472974595257835,0.636240348347983,"factor(zip3)015"
0.73609133005512,0.910307650657563,0.808618195753273,0.418751648823735,"factor(zip3)016"
-0.493531047931254,0.633107391121031,-0.779537650093404,0.435679230785313,"factor(zip3)017"
0.054342685777847,0.113066296039838,0.480626744495989,0.630791015719114,"factor(zip3)018"
-0.0713682412120475,0.215638854734478,-0.330961882077908,0.740679353514256,"factor(zip3)019"
-0.442283121510835,0.621396937831008,-0.71175619734244,0.476630307784471,"factor(zip3)020"
0.18643453886705,0.282683735391027,0.659516326997593,0.509577571285075,"factor(zip3)021"
-0.118404673655253,0.183626241152898,-0.644813469533815,0.519061031323213,"factor(zip3)023"
-0.645249488945618,0.810380291304736,-0.796230480761997,0.425914643820247,"factor(zip3)024"
0.415932248008853,0.282571750803514,1.47195268750722,0.141061224919315,"factor(zip3)026"
0.24544672959564,0.304084139393093,0.807167154740511,0.419587005410591,"factor(zip3)027"
0.143277002036549,0.16482503934018,0.869267209703749,0.384719271929357,"factor(zip3)028"
-0.101494464463967,0.368968424185048,-0.275076287864311,0.783262607591586,"factor(zip3)030"
-0.164803123092384,0.154643633280741,-1.06569614019091,0.28658356499902,"factor(zip3)070"
0.0687833197811364,0.318746443249368,0.215793215070715,0.829152793253021,"factor(zip3)100"
-0.538678006993797,0.381447395285413,-1.41219474467964,0.157919890055387,"factor(zip3)101"
1.2364921724287,1.77651443220904,0.696021462032912,0.486429560996054,"factor(zip3)104"
-0.597634132317094,0.614679864274939,-0.972268927374168,0.330937381130039,"factor(zip3)105"
-0.0816299976485758,0.382112261377,-0.213628312670234,0.830840734364458,"factor(zip3)111"
0.336480626251752,0.91789194027767,0.366579780785485,0.713939287330754,"factor(zip3)112"
0.176885323576344,0.71538055419217,0.247260458143272,0.804711105835696,"factor(zip3)113"
0.489353221080937,0.624996715374247,0.782969268547136,0.433661403170349,"factor(zip3)114"
0.293090195569416,0.263283757776327,1.11321031743406,0.265641555508494,"factor(zip3)150"
0.252713424764239,0.394289926252074,0.640932998634807,0.521579083174914,"factor(zip3)151"
0.305519855577217,0.453821683971387,0.673215640344941,0.500823742643282,"factor(zip3)152"
0.165987552754958,0.312220484182949,0.531635690686125,0.594988686586586,"factor(zip3)156"
0.160643670594274,0.29161438639792,0.550877042036839,0.581728748218988,"factor(zip3)160"
0.470927314236331,0.708850177898516,0.664353806939091,0.506477310899,"factor(zip3)161"
0.453511158310887,0.69710173722147,0.650566673551131,0.515339344071758,"factor(zip3)166"
0.370586902014659,0.503930770245713,0.735392486221796,0.462115606657933,"factor(zip3)300"
0.416810583055307,0.626052766369449,0.665775483227138,0.505568071836334,"factor(zip3)303"
0.612264839763179,0.878394655275171,0.697027055078537,0.485800058167848,"factor(zip3)320"
0.828740500515219,0.806373647617488,1.02773757917786,0.30409506422823,"factor(zip3)322"
0.92351988205732,1.0784237687761,0.856360837730255,0.391816197136413,"factor(zip3)326"
0.780388089415266,1.05704236323718,0.73827513121171,0.460362454324824,"factor(zip3)331"
1.02252200663629,0.985644932837263,1.03741415652884,0.299564860121896,"factor(zip3)344"
0.741207450133986,1.11665006574759,0.663777733839791,0.506845985555766,"factor(zip3)352"
-0.1453440521252,0.207627730507829,-0.700022351396456,0.483927612954818,"factor(zip3)480"
0.0369173840092293,0.265698019831023,0.138944897040286,0.8894961436051,"factor(zip3)481"
1.16150060304809,1.76822545970747,0.656873588529962,0.511275445640603,"factor(zip3)482"
-0.243853227031108,0.141772566992355,-1.72003111888535,0.0854538918986831,"factor(zip3)483"
-0.132087481846628,0.457119087428025,-0.288956391188599,0.772619997098678,"factor(zip3)493"
0.314935016637584,0.52860579718087,0.595784265547554,0.551331169697337,"factor(zip3)494"
0.178240083396052,0.469677143556089,0.379494905897559,0.704327446351732,"factor(zip3)495"
-0.131333355012536,0.215128800322062,-0.610487088739031,0.541551348668658,"factor(zip3)530"
-0.0288920145877604,0.151767774324204,-0.190369890554247,0.849022675596271,"factor(zip3)531"
0.743860648661509,1.16242060012451,0.639923835298369,0.522234961338482,"factor(zip3)532"
-0.0573971150761292,0.552009065282909,-0.103978573335046,0.917188179243405,"factor(zip3)544"
-0.233074483681687,0.209397367657962,-1.11307265362763,0.265700667785661,"factor(zip3)550"
0.0782786509009118,0.313025858427642,0.250070876872961,0.802537038003092,"factor(zip3)551"
-0.100021663651373,0.272311043027358,-0.367306674527057,0.713397085743384,"factor(zip3)553"
0.127459385515325,0.230178227816483,0.553742144617371,0.579766175168756,"factor(zip3)554"
-0.185980983092753,0.123804572013983,-1.50221417567477,0.133069468829623,"factor(zip3)600"
-0.000480497196168568,0.188333159167691,-0.00255131490541575,0.99796439202209,"factor(zip3)601"
-0.138284612622303,0.132796329318819,-1.04132857686381,0.297745134246823,"factor(zip3)602"
0.340001301892552,0.443826089474448,0.76606875971433,0.443651232078696,"factor(zip3)604"
-0.115046058031999,0.179171474252689,-0.642100303699837,0.520820954146163,"factor(zip3)605"
0.75157094793238,0.823310161368142,0.912864899764448,0.361332880789982,"factor(zip3)606"
1.11214311237616,1.219423761632,0.912023487952816,0.361775614931088,"factor(zip3)710"
1.00441136089313,1.35490711150168,0.741313815808311,0.458518438054804,"factor(zip3)711"
-0.234310121895543,1.19003126783704,-0.196894088607788,0.843913925402094,"factor(zip3)782"
0.0995639839852617,0.23530346454876,0.423130123375765,0.672208297257025,"factor(zip3)800"
-0.271429924364102,0.460433910384998,-0.589508978904577,0.555531558743186,"factor(zip3)801"
0.299878518750767,0.31033633511345,0.966301669577749,0.333913724021247,"factor(zip3)802"
0.827166703987072,0.906325321531958,0.912659819091135,0.361440758828858,"factor(zip3)850"
0.00344875984909835,0.189896313945811,0.0181612785284631,0.985510510231326,"factor(zip3)852"
0.809565543174337,0.846686077170421,0.95615785472682,0.339012739415305,"factor(zip3)853"
0.758657669405172,1.22240908208963,0.620625026859496,0.53485876072154,"factor(zip3)900"
0.342989274437332,0.396780936005681,0.864429823393584,0.387369981413845,"factor(zip3)902"
0.436539340443783,0.46285537685263,0.943144148853161,0.345627138479893,"factor(zip3)906"
0.567456674042537,0.625006788611794,0.907920816832914,0.36393922675167,"factor(zip3)908"
0.114763424021054,0.230302534134448,0.498315941039784,0.618270975433647,"factor(zip3)913"
0.372585165739807,0.535129785383786,0.696251967123443,0.486285225497176,"factor(zip3)917"
0.105701483073025,0.481287941123248,0.219622130623791,0.826169381772927,"factor(zip3)919"
-0.0971789952336935,0.169552937756078,-0.573148401436116,0.566555508580196,"factor(zip3)920"
-0.0779361054396793,0.219046128285902,-0.355797685398739,0.721998657927103,"factor(zip3)921"
0.469283247958377,0.632588666172518,0.741845804474775,0.458196028982174,"factor(zip3)925"
-0.261161922196369,0.277609671474089,-0.940752246885407,0.346851746417431,"factor(zip3)926"
0.479123742088562,0.709327818145385,0.675461655150201,0.499396188798473,"factor(zip3)927"
0.21681651491632,0.278287341193114,0.779110231844368,0.435930935932885,"factor(zip3)928"
-0.107325887690504,0.165488440318301,-0.6485400882628,0.516648738180334,"factor(zip3)941"
-0.21581028734941,0.29279892179571,-0.737059706456105,0.461101191081967,"factor(zip3)945"
-0.22211872290949,0.305783535297261,-0.726392029883369,0.467613371163254,"factor(zip3)949"
-0.222172377204546,0.306883050176658,-0.723964314994431,0.4691024808237,"factor(zip3)956"
0.0766616803870605,0.655854329766991,0.116888273672443,0.906950647234424,"factor(zip3)958"
-0.403346098148218,0.375235641777304,-1.07491414258456,0.282435891276746,"factor(zip3)980"
